:START_ID,:END_ID,type:TYPE,method,trigger,evidence_span,section_heading,sentence_id:int
0,1,GENE_PRODUCT_INTERACTS_WITH_GENE_PRODUCT,COOC,,"These cultured hASCs expressed higher levels of pluripotent markers (OCT4, SOX2, NANOG, MYC, and KLF), and had improved abilities for proliferation, colony formation, network formation, and multiple-mesenchymal differentiation.",ABSTRACT,5
0,2,GENE_PRODUCT_INTERACTS_WITH_GENE_PRODUCT,COOC,,"These cultured hASCs expressed higher levels of pluripotent markers (OCT4, SOX2, NANOG, MYC, and KLF), and had improved abilities for proliferation, colony formation, network formation, and multiple-mesenchymal differentiation.",ABSTRACT,5
0,3,GENE_PRODUCT_INTERACTS_WITH_GENE_PRODUCT,COOC,,"These cultured hASCs expressed higher levels of pluripotent markers (OCT4, SOX2, NANOG, MYC, and KLF), and had improved abilities for proliferation, colony formation, network formation, and multiple-mesenchymal differentiation.",ABSTRACT,5
0,4,GENE_PRODUCT_INTERACTS_WITH_GENE_PRODUCT,COOC,,"These cultured hASCs expressed higher levels of pluripotent markers (OCT4, SOX2, NANOG, MYC, and KLF), and had improved abilities for proliferation, colony formation, network formation, and multiple-mesenchymal differentiation.",ABSTRACT,5
0,5,GENE_PRODUCT_INTERACTS_WITH_GENE_PRODUCT,COOC,,"These cultured hASCs expressed higher levels of pluripotent markers (OCT4, SOX2, NANOG, MYC, and KLF), and had improved abilities for proliferation, colony formation, network formation, and multiple-mesenchymal differentiation.",ABSTRACT,5
1,2,GENE_PRODUCT_INTERACTS_WITH_GENE_PRODUCT,COOC,,"These cultured hASCs expressed higher levels of pluripotent markers (OCT4, SOX2, NANOG, MYC, and KLF), and had improved abilities for proliferation, colony formation, network formation, and multiple-mesenchymal differentiation.",ABSTRACT,5
1,3,GENE_PRODUCT_INTERACTS_WITH_GENE_PRODUCT,COOC,,"These cultured hASCs expressed higher levels of pluripotent markers (OCT4, SOX2, NANOG, MYC, and KLF), and had improved abilities for proliferation, colony formation, network formation, and multiple-mesenchymal differentiation.",ABSTRACT,5
1,4,GENE_PRODUCT_INTERACTS_WITH_GENE_PRODUCT,COOC,,"These cultured hASCs expressed higher levels of pluripotent markers (OCT4, SOX2, NANOG, MYC, and KLF), and had improved abilities for proliferation, colony formation, network formation, and multiple-mesenchymal differentiation.",ABSTRACT,5
1,5,GENE_PRODUCT_INTERACTS_WITH_GENE_PRODUCT,COOC,,"These cultured hASCs expressed higher levels of pluripotent markers (OCT4, SOX2, NANOG, MYC, and KLF), and had improved abilities for proliferation, colony formation, network formation, and multiple-mesenchymal differentiation.",ABSTRACT,5
2,3,GENE_PRODUCT_INTERACTS_WITH_GENE_PRODUCT,COOC,,"These cultured hASCs expressed higher levels of pluripotent markers (OCT4, SOX2, NANOG, MYC, and KLF), and had improved abilities for proliferation, colony formation, network formation, and multiple-mesenchymal differentiation.",ABSTRACT,5
2,4,GENE_PRODUCT_INTERACTS_WITH_GENE_PRODUCT,COOC,,"These cultured hASCs expressed higher levels of pluripotent markers (OCT4, SOX2, NANOG, MYC, and KLF), and had improved abilities for proliferation, colony formation, network formation, and multiple-mesenchymal differentiation.",ABSTRACT,5
2,5,GENE_PRODUCT_INTERACTS_WITH_GENE_PRODUCT,COOC,,"These cultured hASCs expressed higher levels of pluripotent markers (OCT4, SOX2, NANOG, MYC, and KLF), and had improved abilities for proliferation, colony formation, network formation, and multiple-mesenchymal differentiation.",ABSTRACT,5
3,4,GENE_PRODUCT_INTERACTS_WITH_GENE_PRODUCT,COOC,,"These cultured hASCs expressed higher levels of pluripotent markers (OCT4, SOX2, NANOG, MYC, and KLF), and had improved abilities for proliferation, colony formation, network formation, and multiple-mesenchymal differentiation.",ABSTRACT,5
3,5,GENE_PRODUCT_INTERACTS_WITH_GENE_PRODUCT,COOC,,"These cultured hASCs expressed higher levels of pluripotent markers (OCT4, SOX2, NANOG, MYC, and KLF), and had improved abilities for proliferation, colony formation, network formation, and multiple-mesenchymal differentiation.",ABSTRACT,5
4,5,GENE_PRODUCT_INTERACTS_WITH_GENE_PRODUCT,COOC,,"These cultured hASCs expressed higher levels of pluripotent markers (OCT4, SOX2, NANOG, MYC, and KLF), and had improved abilities for proliferation, colony formation, network formation, and multiple-mesenchymal differentiation.",ABSTRACT,5
22,23,GENE_PRODUCT_INTERACTS_WITH_GENE_PRODUCT,COOC,,"The stromal vascular fraction (SVF) was isolated from the lipoaspirates as described previously [23].Briefly, aspirated fat tissue was digested using 0.075% collagenase (Wako Pure Chemical Industries, Osaka, Japan) at 37 • C for 30 min on a",Primary Culture of hASCs,29
34,36,GENE_PRODUCT_INTERACTS_WITH_GENE_PRODUCT,COOC,,"Then, the adherent cells were released using a proteolytic enzyme treatment (TrypLE Express, Invitrogen, Carlsbad, CA, USA), defined as passage 0 (P0) hASCs, and transferred to another dish.",Primary Culture of hASCs,34
37,38,GENE_PRODUCT_INTERACTS_WITH_GENE_PRODUCT,COOC,,"Using a multicolor flow cytometer (MACS-Quant, Miltenyi Biotec, Bergisch Gladbach, Germany), P3 hASCs were characterized for the positive expressions of CD73, CD90, and CD105 and the negative expression of CD45 before use.",Primary Culture of hASCs,36
41,43,GENE_PRODUCT_INTERACTS_WITH_GENE_PRODUCT,COOC,,"The isolated cells were incubated with rat anti-SSEA-3 antibody (1:50; BioLegend, San Diego, CA, USA) and detected using an fluorescein isothiocyanate-conjugated anti-rat IgM (BD Biosciences, San Diego, CA, USA).Analyses were performed usin",Characterization of SSEA-3-Positive Cells in the hASC Pool,39
49,50,GENE_PRODUCT_INTERACTS_WITH_GENE_PRODUCT,COOC,,"To assess the stress durability of SSEA-3-positive cells, adherent P3 hASCs were exposed to a variety of optimized stress conditions (heat, 45 • C for 1 min; low-pH solution (pH = 5) for 60 min; proteolysis, TrypLE Express for 20 h at 37 • ",Characterization of SSEA-3-Positive Cells in the hASC Pool,40
52,54,GENE_PRODUCT_INTERACTS_WITH_GENE_PRODUCT,COOC,,"First, crosslinked polystyrene microspheres (Polystyrene Beads Large, Polysciences, Warrington, PA, USA) with diameters between 200-300 µm were used.",Preparation of Microspheres,42
57,58,GENE_PRODUCT_INTERACTS_WITH_GENE_PRODUCT,COOC,,"Japan).Ten grams of polystyrene microspheres (approximately 2.4 million microbeads with a total surface area of 4000 cm 2 ) were washed three times in 70% ethanol for sterilization and diluted in 15 mL of PBS.Secondly, collagen microspheres",Preparation of Microspheres,44
57,59,GENE_PRODUCT_INTERACTS_WITH_GENE_PRODUCT,COOC,,"Japan).Ten grams of polystyrene microspheres (approximately 2.4 million microbeads with a total surface area of 4000 cm 2 ) were washed three times in 70% ethanol for sterilization and diluted in 15 mL of PBS.Secondly, collagen microspheres",Preparation of Microspheres,44
57,60,GENE_PRODUCT_INTERACTS_WITH_GENE_PRODUCT,COOC,,"Japan).Ten grams of polystyrene microspheres (approximately 2.4 million microbeads with a total surface area of 4000 cm 2 ) were washed three times in 70% ethanol for sterilization and diluted in 15 mL of PBS.Secondly, collagen microspheres",Preparation of Microspheres,44
58,59,GENE_PRODUCT_INTERACTS_WITH_GENE_PRODUCT,COOC,,"Japan).Ten grams of polystyrene microspheres (approximately 2.4 million microbeads with a total surface area of 4000 cm 2 ) were washed three times in 70% ethanol for sterilization and diluted in 15 mL of PBS.Secondly, collagen microspheres",Preparation of Microspheres,44
58,60,GENE_PRODUCT_INTERACTS_WITH_GENE_PRODUCT,COOC,,"Japan).Ten grams of polystyrene microspheres (approximately 2.4 million microbeads with a total surface area of 4000 cm 2 ) were washed three times in 70% ethanol for sterilization and diluted in 15 mL of PBS.Secondly, collagen microspheres",Preparation of Microspheres,44
59,60,GENE_PRODUCT_INTERACTS_WITH_GENE_PRODUCT,COOC,,"Japan).Ten grams of polystyrene microspheres (approximately 2.4 million microbeads with a total surface area of 4000 cm 2 ) were washed three times in 70% ethanol for sterilization and diluted in 15 mL of PBS.Secondly, collagen microspheres",Preparation of Microspheres,44
63,65,GENE_PRODUCT_INTERACTS_WITH_GENE_PRODUCT,COOC,,"Polystyrene and collagen microsphere solutions (0.3 mL), representing a total surface area of approximately 80 cm 2 , were added to 3.5 cm diameter, non-adherent, polystyrene dishes (Corning Inc., Corning, NY, USA).The dishes were placed on",hASC Loading onto Microspheres for Microgravity Culture,47
63,66,GENE_PRODUCT_INTERACTS_WITH_GENE_PRODUCT,COOC,,"Polystyrene and collagen microsphere solutions (0.3 mL), representing a total surface area of approximately 80 cm 2 , were added to 3.5 cm diameter, non-adherent, polystyrene dishes (Corning Inc., Corning, NY, USA).The dishes were placed on",hASC Loading onto Microspheres for Microgravity Culture,47
63,67,GENE_PRODUCT_INTERACTS_WITH_GENE_PRODUCT,COOC,,"Polystyrene and collagen microsphere solutions (0.3 mL), representing a total surface area of approximately 80 cm 2 , were added to 3.5 cm diameter, non-adherent, polystyrene dishes (Corning Inc., Corning, NY, USA).The dishes were placed on",hASC Loading onto Microspheres for Microgravity Culture,47
65,66,GENE_PRODUCT_INTERACTS_WITH_GENE_PRODUCT,COOC,,"Polystyrene and collagen microsphere solutions (0.3 mL), representing a total surface area of approximately 80 cm 2 , were added to 3.5 cm diameter, non-adherent, polystyrene dishes (Corning Inc., Corning, NY, USA).The dishes were placed on",hASC Loading onto Microspheres for Microgravity Culture,47
65,67,GENE_PRODUCT_INTERACTS_WITH_GENE_PRODUCT,COOC,,"Polystyrene and collagen microsphere solutions (0.3 mL), representing a total surface area of approximately 80 cm 2 , were added to 3.5 cm diameter, non-adherent, polystyrene dishes (Corning Inc., Corning, NY, USA).The dishes were placed on",hASC Loading onto Microspheres for Microgravity Culture,47
66,67,GENE_PRODUCT_INTERACTS_WITH_GENE_PRODUCT,COOC,,"Polystyrene and collagen microsphere solutions (0.3 mL), representing a total surface area of approximately 80 cm 2 , were added to 3.5 cm diameter, non-adherent, polystyrene dishes (Corning Inc., Corning, NY, USA).The dishes were placed on",hASC Loading onto Microspheres for Microgravity Culture,47
79,80,GENE_PRODUCT_INTERACTS_WITH_GENE_PRODUCT,COOC,,"Visualizations of hASCs cultured on polystyrene and collagen microspheres were carried out on day 7 using a light microscope (Leica DM-LB, Wetzlar, Germany) and a scanning electron microscope (SEM; S-3500N, Hitachi, Tokyo, Japan) at a beam ",Cell Growth in Microsphere Cultures,59
79,81,GENE_PRODUCT_INTERACTS_WITH_GENE_PRODUCT,COOC,,"Visualizations of hASCs cultured on polystyrene and collagen microspheres were carried out on day 7 using a light microscope (Leica DM-LB, Wetzlar, Germany) and a scanning electron microscope (SEM; S-3500N, Hitachi, Tokyo, Japan) at a beam ",Cell Growth in Microsphere Cultures,59
79,82,GENE_PRODUCT_INTERACTS_WITH_GENE_PRODUCT,COOC,,"Visualizations of hASCs cultured on polystyrene and collagen microspheres were carried out on day 7 using a light microscope (Leica DM-LB, Wetzlar, Germany) and a scanning electron microscope (SEM; S-3500N, Hitachi, Tokyo, Japan) at a beam ",Cell Growth in Microsphere Cultures,59
79,83,GENE_PRODUCT_INTERACTS_WITH_GENE_PRODUCT,COOC,,"Visualizations of hASCs cultured on polystyrene and collagen microspheres were carried out on day 7 using a light microscope (Leica DM-LB, Wetzlar, Germany) and a scanning electron microscope (SEM; S-3500N, Hitachi, Tokyo, Japan) at a beam ",Cell Growth in Microsphere Cultures,59
79,84,GENE_PRODUCT_INTERACTS_WITH_GENE_PRODUCT,COOC,,"Visualizations of hASCs cultured on polystyrene and collagen microspheres were carried out on day 7 using a light microscope (Leica DM-LB, Wetzlar, Germany) and a scanning electron microscope (SEM; S-3500N, Hitachi, Tokyo, Japan) at a beam ",Cell Growth in Microsphere Cultures,59
80,81,GENE_PRODUCT_INTERACTS_WITH_GENE_PRODUCT,COOC,,"Visualizations of hASCs cultured on polystyrene and collagen microspheres were carried out on day 7 using a light microscope (Leica DM-LB, Wetzlar, Germany) and a scanning electron microscope (SEM; S-3500N, Hitachi, Tokyo, Japan) at a beam ",Cell Growth in Microsphere Cultures,59
80,82,GENE_PRODUCT_INTERACTS_WITH_GENE_PRODUCT,COOC,,"Visualizations of hASCs cultured on polystyrene and collagen microspheres were carried out on day 7 using a light microscope (Leica DM-LB, Wetzlar, Germany) and a scanning electron microscope (SEM; S-3500N, Hitachi, Tokyo, Japan) at a beam ",Cell Growth in Microsphere Cultures,59
80,83,GENE_PRODUCT_INTERACTS_WITH_GENE_PRODUCT,COOC,,"Visualizations of hASCs cultured on polystyrene and collagen microspheres were carried out on day 7 using a light microscope (Leica DM-LB, Wetzlar, Germany) and a scanning electron microscope (SEM; S-3500N, Hitachi, Tokyo, Japan) at a beam ",Cell Growth in Microsphere Cultures,59
80,84,GENE_PRODUCT_INTERACTS_WITH_GENE_PRODUCT,COOC,,"Visualizations of hASCs cultured on polystyrene and collagen microspheres were carried out on day 7 using a light microscope (Leica DM-LB, Wetzlar, Germany) and a scanning electron microscope (SEM; S-3500N, Hitachi, Tokyo, Japan) at a beam ",Cell Growth in Microsphere Cultures,59
81,82,GENE_PRODUCT_INTERACTS_WITH_GENE_PRODUCT,COOC,,"Visualizations of hASCs cultured on polystyrene and collagen microspheres were carried out on day 7 using a light microscope (Leica DM-LB, Wetzlar, Germany) and a scanning electron microscope (SEM; S-3500N, Hitachi, Tokyo, Japan) at a beam ",Cell Growth in Microsphere Cultures,59
81,83,GENE_PRODUCT_INTERACTS_WITH_GENE_PRODUCT,COOC,,"Visualizations of hASCs cultured on polystyrene and collagen microspheres were carried out on day 7 using a light microscope (Leica DM-LB, Wetzlar, Germany) and a scanning electron microscope (SEM; S-3500N, Hitachi, Tokyo, Japan) at a beam ",Cell Growth in Microsphere Cultures,59
81,84,GENE_PRODUCT_INTERACTS_WITH_GENE_PRODUCT,COOC,,"Visualizations of hASCs cultured on polystyrene and collagen microspheres were carried out on day 7 using a light microscope (Leica DM-LB, Wetzlar, Germany) and a scanning electron microscope (SEM; S-3500N, Hitachi, Tokyo, Japan) at a beam ",Cell Growth in Microsphere Cultures,59
82,83,GENE_PRODUCT_INTERACTS_WITH_GENE_PRODUCT,COOC,,"Visualizations of hASCs cultured on polystyrene and collagen microspheres were carried out on day 7 using a light microscope (Leica DM-LB, Wetzlar, Germany) and a scanning electron microscope (SEM; S-3500N, Hitachi, Tokyo, Japan) at a beam ",Cell Growth in Microsphere Cultures,59
82,84,GENE_PRODUCT_INTERACTS_WITH_GENE_PRODUCT,COOC,,"Visualizations of hASCs cultured on polystyrene and collagen microspheres were carried out on day 7 using a light microscope (Leica DM-LB, Wetzlar, Germany) and a scanning electron microscope (SEM; S-3500N, Hitachi, Tokyo, Japan) at a beam ",Cell Growth in Microsphere Cultures,59
83,84,GENE_PRODUCT_INTERACTS_WITH_GENE_PRODUCT,COOC,,"Visualizations of hASCs cultured on polystyrene and collagen microspheres were carried out on day 7 using a light microscope (Leica DM-LB, Wetzlar, Germany) and a scanning electron microscope (SEM; S-3500N, Hitachi, Tokyo, Japan) at a beam ",Cell Growth in Microsphere Cultures,59
86,89,GENE_PRODUCT_INTERACTS_WITH_GENE_PRODUCT,COOC,,"P3 hASCs were cultured for seven days on polystyrene or collagen microspheres, and in polystyrene or collagen dishes, fixed with 4% paraformaldehyde, washed in PBS, and permeabilized with 0.2% Triton X-100 (Sigma-Aldrich, St. Louis, MO, USA",Immunocytochemistry,62
86,90,GENE_PRODUCT_INTERACTS_WITH_GENE_PRODUCT,COOC,,"P3 hASCs were cultured for seven days on polystyrene or collagen microspheres, and in polystyrene or collagen dishes, fixed with 4% paraformaldehyde, washed in PBS, and permeabilized with 0.2% Triton X-100 (Sigma-Aldrich, St. Louis, MO, USA",Immunocytochemistry,62
86,91,GENE_PRODUCT_INTERACTS_WITH_GENE_PRODUCT,COOC,,"P3 hASCs were cultured for seven days on polystyrene or collagen microspheres, and in polystyrene or collagen dishes, fixed with 4% paraformaldehyde, washed in PBS, and permeabilized with 0.2% Triton X-100 (Sigma-Aldrich, St. Louis, MO, USA",Immunocytochemistry,62
86,92,GENE_PRODUCT_INTERACTS_WITH_GENE_PRODUCT,COOC,,"P3 hASCs were cultured for seven days on polystyrene or collagen microspheres, and in polystyrene or collagen dishes, fixed with 4% paraformaldehyde, washed in PBS, and permeabilized with 0.2% Triton X-100 (Sigma-Aldrich, St. Louis, MO, USA",Immunocytochemistry,62
86,93,GENE_PRODUCT_INTERACTS_WITH_GENE_PRODUCT,COOC,,"P3 hASCs were cultured for seven days on polystyrene or collagen microspheres, and in polystyrene or collagen dishes, fixed with 4% paraformaldehyde, washed in PBS, and permeabilized with 0.2% Triton X-100 (Sigma-Aldrich, St. Louis, MO, USA",Immunocytochemistry,62
89,90,GENE_PRODUCT_INTERACTS_WITH_GENE_PRODUCT,COOC,,"P3 hASCs were cultured for seven days on polystyrene or collagen microspheres, and in polystyrene or collagen dishes, fixed with 4% paraformaldehyde, washed in PBS, and permeabilized with 0.2% Triton X-100 (Sigma-Aldrich, St. Louis, MO, USA",Immunocytochemistry,62
89,91,GENE_PRODUCT_INTERACTS_WITH_GENE_PRODUCT,COOC,,"P3 hASCs were cultured for seven days on polystyrene or collagen microspheres, and in polystyrene or collagen dishes, fixed with 4% paraformaldehyde, washed in PBS, and permeabilized with 0.2% Triton X-100 (Sigma-Aldrich, St. Louis, MO, USA",Immunocytochemistry,62
89,92,GENE_PRODUCT_INTERACTS_WITH_GENE_PRODUCT,COOC,,"P3 hASCs were cultured for seven days on polystyrene or collagen microspheres, and in polystyrene or collagen dishes, fixed with 4% paraformaldehyde, washed in PBS, and permeabilized with 0.2% Triton X-100 (Sigma-Aldrich, St. Louis, MO, USA",Immunocytochemistry,62
89,93,GENE_PRODUCT_INTERACTS_WITH_GENE_PRODUCT,COOC,,"P3 hASCs were cultured for seven days on polystyrene or collagen microspheres, and in polystyrene or collagen dishes, fixed with 4% paraformaldehyde, washed in PBS, and permeabilized with 0.2% Triton X-100 (Sigma-Aldrich, St. Louis, MO, USA",Immunocytochemistry,62
90,91,GENE_PRODUCT_INTERACTS_WITH_GENE_PRODUCT,COOC,,"P3 hASCs were cultured for seven days on polystyrene or collagen microspheres, and in polystyrene or collagen dishes, fixed with 4% paraformaldehyde, washed in PBS, and permeabilized with 0.2% Triton X-100 (Sigma-Aldrich, St. Louis, MO, USA",Immunocytochemistry,62
90,92,GENE_PRODUCT_INTERACTS_WITH_GENE_PRODUCT,COOC,,"P3 hASCs were cultured for seven days on polystyrene or collagen microspheres, and in polystyrene or collagen dishes, fixed with 4% paraformaldehyde, washed in PBS, and permeabilized with 0.2% Triton X-100 (Sigma-Aldrich, St. Louis, MO, USA",Immunocytochemistry,62
90,93,GENE_PRODUCT_INTERACTS_WITH_GENE_PRODUCT,COOC,,"P3 hASCs were cultured for seven days on polystyrene or collagen microspheres, and in polystyrene or collagen dishes, fixed with 4% paraformaldehyde, washed in PBS, and permeabilized with 0.2% Triton X-100 (Sigma-Aldrich, St. Louis, MO, USA",Immunocytochemistry,62
91,92,GENE_PRODUCT_INTERACTS_WITH_GENE_PRODUCT,COOC,,"P3 hASCs were cultured for seven days on polystyrene or collagen microspheres, and in polystyrene or collagen dishes, fixed with 4% paraformaldehyde, washed in PBS, and permeabilized with 0.2% Triton X-100 (Sigma-Aldrich, St. Louis, MO, USA",Immunocytochemistry,62
91,93,GENE_PRODUCT_INTERACTS_WITH_GENE_PRODUCT,COOC,,"P3 hASCs were cultured for seven days on polystyrene or collagen microspheres, and in polystyrene or collagen dishes, fixed with 4% paraformaldehyde, washed in PBS, and permeabilized with 0.2% Triton X-100 (Sigma-Aldrich, St. Louis, MO, USA",Immunocytochemistry,62
92,93,GENE_PRODUCT_INTERACTS_WITH_GENE_PRODUCT,COOC,,"P3 hASCs were cultured for seven days on polystyrene or collagen microspheres, and in polystyrene or collagen dishes, fixed with 4% paraformaldehyde, washed in PBS, and permeabilized with 0.2% Triton X-100 (Sigma-Aldrich, St. Louis, MO, USA",Immunocytochemistry,62
98,99,GENE_PRODUCT_INTERACTS_WITH_GENE_PRODUCT,COOC,,"Finally, cells were washed with PBS and treated with Hoechst 33342 (1:500; Dojindo, Kumamoto, Japan) for 10 min.Stained cells were visualized as 30 µm Z-stack fluorescence images collected in 1.5 µm steps taken by a fluorescence-equipped mi",Immunocytochemistry,64
98,100,GENE_PRODUCT_INTERACTS_WITH_GENE_PRODUCT,COOC,,"Finally, cells were washed with PBS and treated with Hoechst 33342 (1:500; Dojindo, Kumamoto, Japan) for 10 min.Stained cells were visualized as 30 µm Z-stack fluorescence images collected in 1.5 µm steps taken by a fluorescence-equipped mi",Immunocytochemistry,64
98,101,GENE_PRODUCT_INTERACTS_WITH_GENE_PRODUCT,COOC,,"Finally, cells were washed with PBS and treated with Hoechst 33342 (1:500; Dojindo, Kumamoto, Japan) for 10 min.Stained cells were visualized as 30 µm Z-stack fluorescence images collected in 1.5 µm steps taken by a fluorescence-equipped mi",Immunocytochemistry,64
98,102,GENE_PRODUCT_INTERACTS_WITH_GENE_PRODUCT,COOC,,"Finally, cells were washed with PBS and treated with Hoechst 33342 (1:500; Dojindo, Kumamoto, Japan) for 10 min.Stained cells were visualized as 30 µm Z-stack fluorescence images collected in 1.5 µm steps taken by a fluorescence-equipped mi",Immunocytochemistry,64
98,105,GENE_PRODUCT_INTERACTS_WITH_GENE_PRODUCT,COOC,,"Finally, cells were washed with PBS and treated with Hoechst 33342 (1:500; Dojindo, Kumamoto, Japan) for 10 min.Stained cells were visualized as 30 µm Z-stack fluorescence images collected in 1.5 µm steps taken by a fluorescence-equipped mi",Immunocytochemistry,64
98,106,GENE_PRODUCT_INTERACTS_WITH_GENE_PRODUCT,COOC,,"Finally, cells were washed with PBS and treated with Hoechst 33342 (1:500; Dojindo, Kumamoto, Japan) for 10 min.Stained cells were visualized as 30 µm Z-stack fluorescence images collected in 1.5 µm steps taken by a fluorescence-equipped mi",Immunocytochemistry,64
98,107,GENE_PRODUCT_INTERACTS_WITH_GENE_PRODUCT,COOC,,"Finally, cells were washed with PBS and treated with Hoechst 33342 (1:500; Dojindo, Kumamoto, Japan) for 10 min.Stained cells were visualized as 30 µm Z-stack fluorescence images collected in 1.5 µm steps taken by a fluorescence-equipped mi",Immunocytochemistry,64
99,100,GENE_PRODUCT_INTERACTS_WITH_GENE_PRODUCT,COOC,,"Finally, cells were washed with PBS and treated with Hoechst 33342 (1:500; Dojindo, Kumamoto, Japan) for 10 min.Stained cells were visualized as 30 µm Z-stack fluorescence images collected in 1.5 µm steps taken by a fluorescence-equipped mi",Immunocytochemistry,64
99,101,GENE_PRODUCT_INTERACTS_WITH_GENE_PRODUCT,COOC,,"Finally, cells were washed with PBS and treated with Hoechst 33342 (1:500; Dojindo, Kumamoto, Japan) for 10 min.Stained cells were visualized as 30 µm Z-stack fluorescence images collected in 1.5 µm steps taken by a fluorescence-equipped mi",Immunocytochemistry,64
99,102,GENE_PRODUCT_INTERACTS_WITH_GENE_PRODUCT,COOC,,"Finally, cells were washed with PBS and treated with Hoechst 33342 (1:500; Dojindo, Kumamoto, Japan) for 10 min.Stained cells were visualized as 30 µm Z-stack fluorescence images collected in 1.5 µm steps taken by a fluorescence-equipped mi",Immunocytochemistry,64
99,105,GENE_PRODUCT_INTERACTS_WITH_GENE_PRODUCT,COOC,,"Finally, cells were washed with PBS and treated with Hoechst 33342 (1:500; Dojindo, Kumamoto, Japan) for 10 min.Stained cells were visualized as 30 µm Z-stack fluorescence images collected in 1.5 µm steps taken by a fluorescence-equipped mi",Immunocytochemistry,64
99,106,GENE_PRODUCT_INTERACTS_WITH_GENE_PRODUCT,COOC,,"Finally, cells were washed with PBS and treated with Hoechst 33342 (1:500; Dojindo, Kumamoto, Japan) for 10 min.Stained cells were visualized as 30 µm Z-stack fluorescence images collected in 1.5 µm steps taken by a fluorescence-equipped mi",Immunocytochemistry,64
99,107,GENE_PRODUCT_INTERACTS_WITH_GENE_PRODUCT,COOC,,"Finally, cells were washed with PBS and treated with Hoechst 33342 (1:500; Dojindo, Kumamoto, Japan) for 10 min.Stained cells were visualized as 30 µm Z-stack fluorescence images collected in 1.5 µm steps taken by a fluorescence-equipped mi",Immunocytochemistry,64
100,101,GENE_PRODUCT_INTERACTS_WITH_GENE_PRODUCT,COOC,,"Finally, cells were washed with PBS and treated with Hoechst 33342 (1:500; Dojindo, Kumamoto, Japan) for 10 min.Stained cells were visualized as 30 µm Z-stack fluorescence images collected in 1.5 µm steps taken by a fluorescence-equipped mi",Immunocytochemistry,64
100,102,GENE_PRODUCT_INTERACTS_WITH_GENE_PRODUCT,COOC,,"Finally, cells were washed with PBS and treated with Hoechst 33342 (1:500; Dojindo, Kumamoto, Japan) for 10 min.Stained cells were visualized as 30 µm Z-stack fluorescence images collected in 1.5 µm steps taken by a fluorescence-equipped mi",Immunocytochemistry,64
100,105,GENE_PRODUCT_INTERACTS_WITH_GENE_PRODUCT,COOC,,"Finally, cells were washed with PBS and treated with Hoechst 33342 (1:500; Dojindo, Kumamoto, Japan) for 10 min.Stained cells were visualized as 30 µm Z-stack fluorescence images collected in 1.5 µm steps taken by a fluorescence-equipped mi",Immunocytochemistry,64
100,106,GENE_PRODUCT_INTERACTS_WITH_GENE_PRODUCT,COOC,,"Finally, cells were washed with PBS and treated with Hoechst 33342 (1:500; Dojindo, Kumamoto, Japan) for 10 min.Stained cells were visualized as 30 µm Z-stack fluorescence images collected in 1.5 µm steps taken by a fluorescence-equipped mi",Immunocytochemistry,64
100,107,GENE_PRODUCT_INTERACTS_WITH_GENE_PRODUCT,COOC,,"Finally, cells were washed with PBS and treated with Hoechst 33342 (1:500; Dojindo, Kumamoto, Japan) for 10 min.Stained cells were visualized as 30 µm Z-stack fluorescence images collected in 1.5 µm steps taken by a fluorescence-equipped mi",Immunocytochemistry,64
101,102,GENE_PRODUCT_INTERACTS_WITH_GENE_PRODUCT,COOC,,"Finally, cells were washed with PBS and treated with Hoechst 33342 (1:500; Dojindo, Kumamoto, Japan) for 10 min.Stained cells were visualized as 30 µm Z-stack fluorescence images collected in 1.5 µm steps taken by a fluorescence-equipped mi",Immunocytochemistry,64
101,105,GENE_PRODUCT_INTERACTS_WITH_GENE_PRODUCT,COOC,,"Finally, cells were washed with PBS and treated with Hoechst 33342 (1:500; Dojindo, Kumamoto, Japan) for 10 min.Stained cells were visualized as 30 µm Z-stack fluorescence images collected in 1.5 µm steps taken by a fluorescence-equipped mi",Immunocytochemistry,64
101,106,GENE_PRODUCT_INTERACTS_WITH_GENE_PRODUCT,COOC,,"Finally, cells were washed with PBS and treated with Hoechst 33342 (1:500; Dojindo, Kumamoto, Japan) for 10 min.Stained cells were visualized as 30 µm Z-stack fluorescence images collected in 1.5 µm steps taken by a fluorescence-equipped mi",Immunocytochemistry,64
101,107,GENE_PRODUCT_INTERACTS_WITH_GENE_PRODUCT,COOC,,"Finally, cells were washed with PBS and treated with Hoechst 33342 (1:500; Dojindo, Kumamoto, Japan) for 10 min.Stained cells were visualized as 30 µm Z-stack fluorescence images collected in 1.5 µm steps taken by a fluorescence-equipped mi",Immunocytochemistry,64
102,105,GENE_PRODUCT_INTERACTS_WITH_GENE_PRODUCT,COOC,,"Finally, cells were washed with PBS and treated with Hoechst 33342 (1:500; Dojindo, Kumamoto, Japan) for 10 min.Stained cells were visualized as 30 µm Z-stack fluorescence images collected in 1.5 µm steps taken by a fluorescence-equipped mi",Immunocytochemistry,64
102,106,GENE_PRODUCT_INTERACTS_WITH_GENE_PRODUCT,COOC,,"Finally, cells were washed with PBS and treated with Hoechst 33342 (1:500; Dojindo, Kumamoto, Japan) for 10 min.Stained cells were visualized as 30 µm Z-stack fluorescence images collected in 1.5 µm steps taken by a fluorescence-equipped mi",Immunocytochemistry,64
102,107,GENE_PRODUCT_INTERACTS_WITH_GENE_PRODUCT,COOC,,"Finally, cells were washed with PBS and treated with Hoechst 33342 (1:500; Dojindo, Kumamoto, Japan) for 10 min.Stained cells were visualized as 30 µm Z-stack fluorescence images collected in 1.5 µm steps taken by a fluorescence-equipped mi",Immunocytochemistry,64
105,106,GENE_PRODUCT_INTERACTS_WITH_GENE_PRODUCT,COOC,,"Finally, cells were washed with PBS and treated with Hoechst 33342 (1:500; Dojindo, Kumamoto, Japan) for 10 min.Stained cells were visualized as 30 µm Z-stack fluorescence images collected in 1.5 µm steps taken by a fluorescence-equipped mi",Immunocytochemistry,64
105,107,GENE_PRODUCT_INTERACTS_WITH_GENE_PRODUCT,COOC,,"Finally, cells were washed with PBS and treated with Hoechst 33342 (1:500; Dojindo, Kumamoto, Japan) for 10 min.Stained cells were visualized as 30 µm Z-stack fluorescence images collected in 1.5 µm steps taken by a fluorescence-equipped mi",Immunocytochemistry,64
106,107,GENE_PRODUCT_INTERACTS_WITH_GENE_PRODUCT,COOC,,"Finally, cells were washed with PBS and treated with Hoechst 33342 (1:500; Dojindo, Kumamoto, Japan) for 10 min.Stained cells were visualized as 30 µm Z-stack fluorescence images collected in 1.5 µm steps taken by a fluorescence-equipped mi",Immunocytochemistry,64
108,110,GENE_PRODUCT_INTERACTS_WITH_GENE_PRODUCT,COOC,,"Total RNA was isolated from hASCs cultured with either polystyrene or collagen microspheres under dynamic conditions, polystyrene or collagen microspheres under static conditions, and from those cultured on normal polystyrene dishes (contro",Quantitative Real-Time Polymerase Chain Reaction (RT-PCR),65
108,112,GENE_PRODUCT_INTERACTS_WITH_GENE_PRODUCT,COOC,,"Total RNA was isolated from hASCs cultured with either polystyrene or collagen microspheres under dynamic conditions, polystyrene or collagen microspheres under static conditions, and from those cultured on normal polystyrene dishes (contro",Quantitative Real-Time Polymerase Chain Reaction (RT-PCR),65
110,112,GENE_PRODUCT_INTERACTS_WITH_GENE_PRODUCT,COOC,,"Total RNA was isolated from hASCs cultured with either polystyrene or collagen microspheres under dynamic conditions, polystyrene or collagen microspheres under static conditions, and from those cultured on normal polystyrene dishes (contro",Quantitative Real-Time Polymerase Chain Reaction (RT-PCR),65
113,115,GENE_PRODUCT_INTERACTS_WITH_GENE_PRODUCT,COOC,,"RT-PCR was performed using a StepOnePlus RT-PCR system (Thermo Fisher Scientific, Waltham, MA, USA) using a fast SYBR Green PCR master mix (Thermo Fisher Scientific) and the primers listed in Table 1.Expression levels were calculated by a c",Quantitative Real-Time Polymerase Chain Reaction (RT-PCR),66
118,120,GENE_PRODUCT_INTERACTS_WITH_GENE_PRODUCT,COOC,,"Cells were incubated at 37 • C for ten days, fixed with methanol, stained with cresyl violet solution, and then counted using digital imaging software (Photoshop; Adobe Systems Inc., San Jose, CA, USA) (n = 6).",Colony-Forming Assay,68
121,126,GENE_PRODUCT_INTERACTS_WITH_GENE_PRODUCT,COOC,,"Matrigel (BD Biosciences) was applied to 96-well plates (50 µL per well) and polymerized (30 min at 37 • C).After incubation in endothelial basal medium (EBM; Cambrex, Walkersville, MD, USA) containing 2% fetal bovine serum for 24 h as a pr",In Vitro Angiogenesis (Network Formation) Assay,70
121,127,GENE_PRODUCT_INTERACTS_WITH_GENE_PRODUCT,COOC,,"Matrigel (BD Biosciences) was applied to 96-well plates (50 µL per well) and polymerized (30 min at 37 • C).After incubation in endothelial basal medium (EBM; Cambrex, Walkersville, MD, USA) containing 2% fetal bovine serum for 24 h as a pr",In Vitro Angiogenesis (Network Formation) Assay,70
121,129,GENE_PRODUCT_INTERACTS_WITH_GENE_PRODUCT,COOC,,"Matrigel (BD Biosciences) was applied to 96-well plates (50 µL per well) and polymerized (30 min at 37 • C).After incubation in endothelial basal medium (EBM; Cambrex, Walkersville, MD, USA) containing 2% fetal bovine serum for 24 h as a pr",In Vitro Angiogenesis (Network Formation) Assay,70
121,133,GENE_PRODUCT_INTERACTS_WITH_GENE_PRODUCT,COOC,,"Matrigel (BD Biosciences) was applied to 96-well plates (50 µL per well) and polymerized (30 min at 37 • C).After incubation in endothelial basal medium (EBM; Cambrex, Walkersville, MD, USA) containing 2% fetal bovine serum for 24 h as a pr",In Vitro Angiogenesis (Network Formation) Assay,70
121,134,GENE_PRODUCT_INTERACTS_WITH_GENE_PRODUCT,COOC,,"Matrigel (BD Biosciences) was applied to 96-well plates (50 µL per well) and polymerized (30 min at 37 • C).After incubation in endothelial basal medium (EBM; Cambrex, Walkersville, MD, USA) containing 2% fetal bovine serum for 24 h as a pr",In Vitro Angiogenesis (Network Formation) Assay,70
126,127,GENE_PRODUCT_INTERACTS_WITH_GENE_PRODUCT,COOC,,"Matrigel (BD Biosciences) was applied to 96-well plates (50 µL per well) and polymerized (30 min at 37 • C).After incubation in endothelial basal medium (EBM; Cambrex, Walkersville, MD, USA) containing 2% fetal bovine serum for 24 h as a pr",In Vitro Angiogenesis (Network Formation) Assay,70
126,129,GENE_PRODUCT_INTERACTS_WITH_GENE_PRODUCT,COOC,,"Matrigel (BD Biosciences) was applied to 96-well plates (50 µL per well) and polymerized (30 min at 37 • C).After incubation in endothelial basal medium (EBM; Cambrex, Walkersville, MD, USA) containing 2% fetal bovine serum for 24 h as a pr",In Vitro Angiogenesis (Network Formation) Assay,70
126,133,GENE_PRODUCT_INTERACTS_WITH_GENE_PRODUCT,COOC,,"Matrigel (BD Biosciences) was applied to 96-well plates (50 µL per well) and polymerized (30 min at 37 • C).After incubation in endothelial basal medium (EBM; Cambrex, Walkersville, MD, USA) containing 2% fetal bovine serum for 24 h as a pr",In Vitro Angiogenesis (Network Formation) Assay,70
126,134,GENE_PRODUCT_INTERACTS_WITH_GENE_PRODUCT,COOC,,"Matrigel (BD Biosciences) was applied to 96-well plates (50 µL per well) and polymerized (30 min at 37 • C).After incubation in endothelial basal medium (EBM; Cambrex, Walkersville, MD, USA) containing 2% fetal bovine serum for 24 h as a pr",In Vitro Angiogenesis (Network Formation) Assay,70
127,129,GENE_PRODUCT_INTERACTS_WITH_GENE_PRODUCT,COOC,,"Matrigel (BD Biosciences) was applied to 96-well plates (50 µL per well) and polymerized (30 min at 37 • C).After incubation in endothelial basal medium (EBM; Cambrex, Walkersville, MD, USA) containing 2% fetal bovine serum for 24 h as a pr",In Vitro Angiogenesis (Network Formation) Assay,70
127,133,GENE_PRODUCT_INTERACTS_WITH_GENE_PRODUCT,COOC,,"Matrigel (BD Biosciences) was applied to 96-well plates (50 µL per well) and polymerized (30 min at 37 • C).After incubation in endothelial basal medium (EBM; Cambrex, Walkersville, MD, USA) containing 2% fetal bovine serum for 24 h as a pr",In Vitro Angiogenesis (Network Formation) Assay,70
127,134,GENE_PRODUCT_INTERACTS_WITH_GENE_PRODUCT,COOC,,"Matrigel (BD Biosciences) was applied to 96-well plates (50 µL per well) and polymerized (30 min at 37 • C).After incubation in endothelial basal medium (EBM; Cambrex, Walkersville, MD, USA) containing 2% fetal bovine serum for 24 h as a pr",In Vitro Angiogenesis (Network Formation) Assay,70
129,133,GENE_PRODUCT_INTERACTS_WITH_GENE_PRODUCT,COOC,,"Matrigel (BD Biosciences) was applied to 96-well plates (50 µL per well) and polymerized (30 min at 37 • C).After incubation in endothelial basal medium (EBM; Cambrex, Walkersville, MD, USA) containing 2% fetal bovine serum for 24 h as a pr",In Vitro Angiogenesis (Network Formation) Assay,70
129,134,GENE_PRODUCT_INTERACTS_WITH_GENE_PRODUCT,COOC,,"Matrigel (BD Biosciences) was applied to 96-well plates (50 µL per well) and polymerized (30 min at 37 • C).After incubation in endothelial basal medium (EBM; Cambrex, Walkersville, MD, USA) containing 2% fetal bovine serum for 24 h as a pr",In Vitro Angiogenesis (Network Formation) Assay,70
133,134,GENE_PRODUCT_INTERACTS_WITH_GENE_PRODUCT,COOC,,"Matrigel (BD Biosciences) was applied to 96-well plates (50 µL per well) and polymerized (30 min at 37 • C).After incubation in endothelial basal medium (EBM; Cambrex, Walkersville, MD, USA) containing 2% fetal bovine serum for 24 h as a pr",In Vitro Angiogenesis (Network Formation) Assay,70
136,137,GENE_PRODUCT_INTERACTS_WITH_GENE_PRODUCT,COOC,,"Adipogenic/osteogenic differentiation was initiated using either adipogenic medium (Adipolife; Lifeline Cell Technology, Frederick, MD, USA) or osteogenic medium (Osteolife; Lifeline Cell Technology).After culturing for 21 days (medium chan",Multilineage Differentiation Assay,72
136,138,GENE_PRODUCT_INTERACTS_WITH_GENE_PRODUCT,COOC,,"Adipogenic/osteogenic differentiation was initiated using either adipogenic medium (Adipolife; Lifeline Cell Technology, Frederick, MD, USA) or osteogenic medium (Osteolife; Lifeline Cell Technology).After culturing for 21 days (medium chan",Multilineage Differentiation Assay,72
136,139,GENE_PRODUCT_INTERACTS_WITH_GENE_PRODUCT,COOC,,"Adipogenic/osteogenic differentiation was initiated using either adipogenic medium (Adipolife; Lifeline Cell Technology, Frederick, MD, USA) or osteogenic medium (Osteolife; Lifeline Cell Technology).After culturing for 21 days (medium chan",Multilineage Differentiation Assay,72
137,138,GENE_PRODUCT_INTERACTS_WITH_GENE_PRODUCT,COOC,,"Adipogenic/osteogenic differentiation was initiated using either adipogenic medium (Adipolife; Lifeline Cell Technology, Frederick, MD, USA) or osteogenic medium (Osteolife; Lifeline Cell Technology).After culturing for 21 days (medium chan",Multilineage Differentiation Assay,72
137,139,GENE_PRODUCT_INTERACTS_WITH_GENE_PRODUCT,COOC,,"Adipogenic/osteogenic differentiation was initiated using either adipogenic medium (Adipolife; Lifeline Cell Technology, Frederick, MD, USA) or osteogenic medium (Osteolife; Lifeline Cell Technology).After culturing for 21 days (medium chan",Multilineage Differentiation Assay,72
138,139,GENE_PRODUCT_INTERACTS_WITH_GENE_PRODUCT,COOC,,"Adipogenic/osteogenic differentiation was initiated using either adipogenic medium (Adipolife; Lifeline Cell Technology, Frederick, MD, USA) or osteogenic medium (Osteolife; Lifeline Cell Technology).After culturing for 21 days (medium chan",Multilineage Differentiation Assay,72
141,142,GENE_PRODUCT_INTERACTS_WITH_GENE_PRODUCT,COOC,,"Data were analyzed using SPSS package 23.0 (SPSS, Inc., Chicago, IL, USA) and Kyplot 2.0 (Freeware).Based on the Kolmogorov-Smirnov test, the data were normally distributed within the donor populations.",Statistics,74
141,144,GENE_PRODUCT_INTERACTS_WITH_GENE_PRODUCT,COOC,,"Data were analyzed using SPSS package 23.0 (SPSS, Inc., Chicago, IL, USA) and Kyplot 2.0 (Freeware).Based on the Kolmogorov-Smirnov test, the data were normally distributed within the donor populations.",Statistics,74
142,144,GENE_PRODUCT_INTERACTS_WITH_GENE_PRODUCT,COOC,,"Data were analyzed using SPSS package 23.0 (SPSS, Inc., Chicago, IL, USA) and Kyplot 2.0 (Freeware).Based on the Kolmogorov-Smirnov test, the data were normally distributed within the donor populations.",Statistics,74
151,152,GENE_PRODUCT_INTERACTS_WITH_GENE_PRODUCT,COOC,,"Notably, hASCs cultured on polystyrene microcarriers showed strong OCT4 and SOX2 staining, while hASCs cultured on collagen microcarriers showed strong NANOG and SSEA-3 staining.",Immunocytochemistry,90
151,153,GENE_PRODUCT_INTERACTS_WITH_GENE_PRODUCT,COOC,,"Notably, hASCs cultured on polystyrene microcarriers showed strong OCT4 and SOX2 staining, while hASCs cultured on collagen microcarriers showed strong NANOG and SSEA-3 staining.",Immunocytochemistry,90
151,154,GENE_PRODUCT_INTERACTS_WITH_GENE_PRODUCT,COOC,,"Notably, hASCs cultured on polystyrene microcarriers showed strong OCT4 and SOX2 staining, while hASCs cultured on collagen microcarriers showed strong NANOG and SSEA-3 staining.",Immunocytochemistry,90
152,153,GENE_PRODUCT_INTERACTS_WITH_GENE_PRODUCT,COOC,,"Notably, hASCs cultured on polystyrene microcarriers showed strong OCT4 and SOX2 staining, while hASCs cultured on collagen microcarriers showed strong NANOG and SSEA-3 staining.",Immunocytochemistry,90
152,154,GENE_PRODUCT_INTERACTS_WITH_GENE_PRODUCT,COOC,,"Notably, hASCs cultured on polystyrene microcarriers showed strong OCT4 and SOX2 staining, while hASCs cultured on collagen microcarriers showed strong NANOG and SSEA-3 staining.",Immunocytochemistry,90
153,154,GENE_PRODUCT_INTERACTS_WITH_GENE_PRODUCT,COOC,,"Notably, hASCs cultured on polystyrene microcarriers showed strong OCT4 and SOX2 staining, while hASCs cultured on collagen microcarriers showed strong NANOG and SSEA-3 staining.",Immunocytochemistry,90
155,156,GENE_PRODUCT_INTERACTS_WITH_GENE_PRODUCT,COOC,,We used RT-PCR to compare the expression of several genes involved with stemness and mesenchymal differentiation in hASCs from microgravity/microsphere cultures to their expressions in hASCs from dish cultures (n = 3).The hASCs cultured wit,Selected Gene Expression Analysis by RT-PCR,93
155,157,GENE_PRODUCT_INTERACTS_WITH_GENE_PRODUCT,COOC,,We used RT-PCR to compare the expression of several genes involved with stemness and mesenchymal differentiation in hASCs from microgravity/microsphere cultures to their expressions in hASCs from dish cultures (n = 3).The hASCs cultured wit,Selected Gene Expression Analysis by RT-PCR,93
155,158,GENE_PRODUCT_INTERACTS_WITH_GENE_PRODUCT,COOC,,We used RT-PCR to compare the expression of several genes involved with stemness and mesenchymal differentiation in hASCs from microgravity/microsphere cultures to their expressions in hASCs from dish cultures (n = 3).The hASCs cultured wit,Selected Gene Expression Analysis by RT-PCR,93
155,159,GENE_PRODUCT_INTERACTS_WITH_GENE_PRODUCT,COOC,,We used RT-PCR to compare the expression of several genes involved with stemness and mesenchymal differentiation in hASCs from microgravity/microsphere cultures to their expressions in hASCs from dish cultures (n = 3).The hASCs cultured wit,Selected Gene Expression Analysis by RT-PCR,93
155,160,GENE_PRODUCT_INTERACTS_WITH_GENE_PRODUCT,COOC,,We used RT-PCR to compare the expression of several genes involved with stemness and mesenchymal differentiation in hASCs from microgravity/microsphere cultures to their expressions in hASCs from dish cultures (n = 3).The hASCs cultured wit,Selected Gene Expression Analysis by RT-PCR,93
155,161,GENE_PRODUCT_INTERACTS_WITH_GENE_PRODUCT,COOC,,We used RT-PCR to compare the expression of several genes involved with stemness and mesenchymal differentiation in hASCs from microgravity/microsphere cultures to their expressions in hASCs from dish cultures (n = 3).The hASCs cultured wit,Selected Gene Expression Analysis by RT-PCR,93
156,157,GENE_PRODUCT_INTERACTS_WITH_GENE_PRODUCT,COOC,,We used RT-PCR to compare the expression of several genes involved with stemness and mesenchymal differentiation in hASCs from microgravity/microsphere cultures to their expressions in hASCs from dish cultures (n = 3).The hASCs cultured wit,Selected Gene Expression Analysis by RT-PCR,93
156,158,GENE_PRODUCT_INTERACTS_WITH_GENE_PRODUCT,COOC,,We used RT-PCR to compare the expression of several genes involved with stemness and mesenchymal differentiation in hASCs from microgravity/microsphere cultures to their expressions in hASCs from dish cultures (n = 3).The hASCs cultured wit,Selected Gene Expression Analysis by RT-PCR,93
156,159,GENE_PRODUCT_INTERACTS_WITH_GENE_PRODUCT,COOC,,We used RT-PCR to compare the expression of several genes involved with stemness and mesenchymal differentiation in hASCs from microgravity/microsphere cultures to their expressions in hASCs from dish cultures (n = 3).The hASCs cultured wit,Selected Gene Expression Analysis by RT-PCR,93
156,160,GENE_PRODUCT_INTERACTS_WITH_GENE_PRODUCT,COOC,,We used RT-PCR to compare the expression of several genes involved with stemness and mesenchymal differentiation in hASCs from microgravity/microsphere cultures to their expressions in hASCs from dish cultures (n = 3).The hASCs cultured wit,Selected Gene Expression Analysis by RT-PCR,93
156,161,GENE_PRODUCT_INTERACTS_WITH_GENE_PRODUCT,COOC,,We used RT-PCR to compare the expression of several genes involved with stemness and mesenchymal differentiation in hASCs from microgravity/microsphere cultures to their expressions in hASCs from dish cultures (n = 3).The hASCs cultured wit,Selected Gene Expression Analysis by RT-PCR,93
157,158,GENE_PRODUCT_INTERACTS_WITH_GENE_PRODUCT,COOC,,We used RT-PCR to compare the expression of several genes involved with stemness and mesenchymal differentiation in hASCs from microgravity/microsphere cultures to their expressions in hASCs from dish cultures (n = 3).The hASCs cultured wit,Selected Gene Expression Analysis by RT-PCR,93
157,159,GENE_PRODUCT_INTERACTS_WITH_GENE_PRODUCT,COOC,,We used RT-PCR to compare the expression of several genes involved with stemness and mesenchymal differentiation in hASCs from microgravity/microsphere cultures to their expressions in hASCs from dish cultures (n = 3).The hASCs cultured wit,Selected Gene Expression Analysis by RT-PCR,93
157,160,GENE_PRODUCT_INTERACTS_WITH_GENE_PRODUCT,COOC,,We used RT-PCR to compare the expression of several genes involved with stemness and mesenchymal differentiation in hASCs from microgravity/microsphere cultures to their expressions in hASCs from dish cultures (n = 3).The hASCs cultured wit,Selected Gene Expression Analysis by RT-PCR,93
157,161,GENE_PRODUCT_INTERACTS_WITH_GENE_PRODUCT,COOC,,We used RT-PCR to compare the expression of several genes involved with stemness and mesenchymal differentiation in hASCs from microgravity/microsphere cultures to their expressions in hASCs from dish cultures (n = 3).The hASCs cultured wit,Selected Gene Expression Analysis by RT-PCR,93
158,159,GENE_PRODUCT_INTERACTS_WITH_GENE_PRODUCT,COOC,,We used RT-PCR to compare the expression of several genes involved with stemness and mesenchymal differentiation in hASCs from microgravity/microsphere cultures to their expressions in hASCs from dish cultures (n = 3).The hASCs cultured wit,Selected Gene Expression Analysis by RT-PCR,93
158,160,GENE_PRODUCT_INTERACTS_WITH_GENE_PRODUCT,COOC,,We used RT-PCR to compare the expression of several genes involved with stemness and mesenchymal differentiation in hASCs from microgravity/microsphere cultures to their expressions in hASCs from dish cultures (n = 3).The hASCs cultured wit,Selected Gene Expression Analysis by RT-PCR,93
158,161,GENE_PRODUCT_INTERACTS_WITH_GENE_PRODUCT,COOC,,We used RT-PCR to compare the expression of several genes involved with stemness and mesenchymal differentiation in hASCs from microgravity/microsphere cultures to their expressions in hASCs from dish cultures (n = 3).The hASCs cultured wit,Selected Gene Expression Analysis by RT-PCR,93
159,160,GENE_PRODUCT_INTERACTS_WITH_GENE_PRODUCT,COOC,,We used RT-PCR to compare the expression of several genes involved with stemness and mesenchymal differentiation in hASCs from microgravity/microsphere cultures to their expressions in hASCs from dish cultures (n = 3).The hASCs cultured wit,Selected Gene Expression Analysis by RT-PCR,93
159,161,GENE_PRODUCT_INTERACTS_WITH_GENE_PRODUCT,COOC,,We used RT-PCR to compare the expression of several genes involved with stemness and mesenchymal differentiation in hASCs from microgravity/microsphere cultures to their expressions in hASCs from dish cultures (n = 3).The hASCs cultured wit,Selected Gene Expression Analysis by RT-PCR,93
160,161,GENE_PRODUCT_INTERACTS_WITH_GENE_PRODUCT,COOC,,We used RT-PCR to compare the expression of several genes involved with stemness and mesenchymal differentiation in hASCs from microgravity/microsphere cultures to their expressions in hASCs from dish cultures (n = 3).The hASCs cultured wit,Selected Gene Expression Analysis by RT-PCR,93
162,163,GENE_PRODUCT_INTERACTS_WITH_GENE_PRODUCT,COOC,,"Notably, hASCs cultured on polystyrene microcarriers showed strong OCT4 and SOX2 staining, while hASCs cultured on collagen microcarriers showed strong NANOG and SSEA-3 staining.",Selected Gene Expression Analysis by RT-PCR,95
162,164,GENE_PRODUCT_INTERACTS_WITH_GENE_PRODUCT,COOC,,"Notably, hASCs cultured on polystyrene microcarriers showed strong OCT4 and SOX2 staining, while hASCs cultured on collagen microcarriers showed strong NANOG and SSEA-3 staining.",Selected Gene Expression Analysis by RT-PCR,95
162,165,GENE_PRODUCT_INTERACTS_WITH_GENE_PRODUCT,COOC,,"Notably, hASCs cultured on polystyrene microcarriers showed strong OCT4 and SOX2 staining, while hASCs cultured on collagen microcarriers showed strong NANOG and SSEA-3 staining.",Selected Gene Expression Analysis by RT-PCR,95
163,164,GENE_PRODUCT_INTERACTS_WITH_GENE_PRODUCT,COOC,,"Notably, hASCs cultured on polystyrene microcarriers showed strong OCT4 and SOX2 staining, while hASCs cultured on collagen microcarriers showed strong NANOG and SSEA-3 staining.",Selected Gene Expression Analysis by RT-PCR,95
163,165,GENE_PRODUCT_INTERACTS_WITH_GENE_PRODUCT,COOC,,"Notably, hASCs cultured on polystyrene microcarriers showed strong OCT4 and SOX2 staining, while hASCs cultured on collagen microcarriers showed strong NANOG and SSEA-3 staining.",Selected Gene Expression Analysis by RT-PCR,95
164,165,GENE_PRODUCT_INTERACTS_WITH_GENE_PRODUCT,COOC,,"Notably, hASCs cultured on polystyrene microcarriers showed strong OCT4 and SOX2 staining, while hASCs cultured on collagen microcarriers showed strong NANOG and SSEA-3 staining.",Selected Gene Expression Analysis by RT-PCR,95
166,167,GENE_PRODUCT_INTERACTS_WITH_GENE_PRODUCT,COOC,,We used RT-PCR to compare the expression of several genes involved with stemness and mesenchymal differentiation in hASCs from microgravity/microsphere cultures to their expressions in hASCs from dish cultures (n = 3).The hASCs cultured wit,Selected Gene Expression Analysis by RT-PCR,97
166,168,GENE_PRODUCT_INTERACTS_WITH_GENE_PRODUCT,COOC,,We used RT-PCR to compare the expression of several genes involved with stemness and mesenchymal differentiation in hASCs from microgravity/microsphere cultures to their expressions in hASCs from dish cultures (n = 3).The hASCs cultured wit,Selected Gene Expression Analysis by RT-PCR,97
166,169,GENE_PRODUCT_INTERACTS_WITH_GENE_PRODUCT,COOC,,We used RT-PCR to compare the expression of several genes involved with stemness and mesenchymal differentiation in hASCs from microgravity/microsphere cultures to their expressions in hASCs from dish cultures (n = 3).The hASCs cultured wit,Selected Gene Expression Analysis by RT-PCR,97
166,170,GENE_PRODUCT_INTERACTS_WITH_GENE_PRODUCT,COOC,,We used RT-PCR to compare the expression of several genes involved with stemness and mesenchymal differentiation in hASCs from microgravity/microsphere cultures to their expressions in hASCs from dish cultures (n = 3).The hASCs cultured wit,Selected Gene Expression Analysis by RT-PCR,97
166,171,GENE_PRODUCT_INTERACTS_WITH_GENE_PRODUCT,COOC,,We used RT-PCR to compare the expression of several genes involved with stemness and mesenchymal differentiation in hASCs from microgravity/microsphere cultures to their expressions in hASCs from dish cultures (n = 3).The hASCs cultured wit,Selected Gene Expression Analysis by RT-PCR,97
166,172,GENE_PRODUCT_INTERACTS_WITH_GENE_PRODUCT,COOC,,We used RT-PCR to compare the expression of several genes involved with stemness and mesenchymal differentiation in hASCs from microgravity/microsphere cultures to their expressions in hASCs from dish cultures (n = 3).The hASCs cultured wit,Selected Gene Expression Analysis by RT-PCR,97
167,168,GENE_PRODUCT_INTERACTS_WITH_GENE_PRODUCT,COOC,,We used RT-PCR to compare the expression of several genes involved with stemness and mesenchymal differentiation in hASCs from microgravity/microsphere cultures to their expressions in hASCs from dish cultures (n = 3).The hASCs cultured wit,Selected Gene Expression Analysis by RT-PCR,97
167,169,GENE_PRODUCT_INTERACTS_WITH_GENE_PRODUCT,COOC,,We used RT-PCR to compare the expression of several genes involved with stemness and mesenchymal differentiation in hASCs from microgravity/microsphere cultures to their expressions in hASCs from dish cultures (n = 3).The hASCs cultured wit,Selected Gene Expression Analysis by RT-PCR,97
167,170,GENE_PRODUCT_INTERACTS_WITH_GENE_PRODUCT,COOC,,We used RT-PCR to compare the expression of several genes involved with stemness and mesenchymal differentiation in hASCs from microgravity/microsphere cultures to their expressions in hASCs from dish cultures (n = 3).The hASCs cultured wit,Selected Gene Expression Analysis by RT-PCR,97
167,171,GENE_PRODUCT_INTERACTS_WITH_GENE_PRODUCT,COOC,,We used RT-PCR to compare the expression of several genes involved with stemness and mesenchymal differentiation in hASCs from microgravity/microsphere cultures to their expressions in hASCs from dish cultures (n = 3).The hASCs cultured wit,Selected Gene Expression Analysis by RT-PCR,97
167,172,GENE_PRODUCT_INTERACTS_WITH_GENE_PRODUCT,COOC,,We used RT-PCR to compare the expression of several genes involved with stemness and mesenchymal differentiation in hASCs from microgravity/microsphere cultures to their expressions in hASCs from dish cultures (n = 3).The hASCs cultured wit,Selected Gene Expression Analysis by RT-PCR,97
168,169,GENE_PRODUCT_INTERACTS_WITH_GENE_PRODUCT,COOC,,We used RT-PCR to compare the expression of several genes involved with stemness and mesenchymal differentiation in hASCs from microgravity/microsphere cultures to their expressions in hASCs from dish cultures (n = 3).The hASCs cultured wit,Selected Gene Expression Analysis by RT-PCR,97
168,170,GENE_PRODUCT_INTERACTS_WITH_GENE_PRODUCT,COOC,,We used RT-PCR to compare the expression of several genes involved with stemness and mesenchymal differentiation in hASCs from microgravity/microsphere cultures to their expressions in hASCs from dish cultures (n = 3).The hASCs cultured wit,Selected Gene Expression Analysis by RT-PCR,97
168,171,GENE_PRODUCT_INTERACTS_WITH_GENE_PRODUCT,COOC,,We used RT-PCR to compare the expression of several genes involved with stemness and mesenchymal differentiation in hASCs from microgravity/microsphere cultures to their expressions in hASCs from dish cultures (n = 3).The hASCs cultured wit,Selected Gene Expression Analysis by RT-PCR,97
168,172,GENE_PRODUCT_INTERACTS_WITH_GENE_PRODUCT,COOC,,We used RT-PCR to compare the expression of several genes involved with stemness and mesenchymal differentiation in hASCs from microgravity/microsphere cultures to their expressions in hASCs from dish cultures (n = 3).The hASCs cultured wit,Selected Gene Expression Analysis by RT-PCR,97
169,170,GENE_PRODUCT_INTERACTS_WITH_GENE_PRODUCT,COOC,,We used RT-PCR to compare the expression of several genes involved with stemness and mesenchymal differentiation in hASCs from microgravity/microsphere cultures to their expressions in hASCs from dish cultures (n = 3).The hASCs cultured wit,Selected Gene Expression Analysis by RT-PCR,97
169,171,GENE_PRODUCT_INTERACTS_WITH_GENE_PRODUCT,COOC,,We used RT-PCR to compare the expression of several genes involved with stemness and mesenchymal differentiation in hASCs from microgravity/microsphere cultures to their expressions in hASCs from dish cultures (n = 3).The hASCs cultured wit,Selected Gene Expression Analysis by RT-PCR,97
169,172,GENE_PRODUCT_INTERACTS_WITH_GENE_PRODUCT,COOC,,We used RT-PCR to compare the expression of several genes involved with stemness and mesenchymal differentiation in hASCs from microgravity/microsphere cultures to their expressions in hASCs from dish cultures (n = 3).The hASCs cultured wit,Selected Gene Expression Analysis by RT-PCR,97
170,171,GENE_PRODUCT_INTERACTS_WITH_GENE_PRODUCT,COOC,,We used RT-PCR to compare the expression of several genes involved with stemness and mesenchymal differentiation in hASCs from microgravity/microsphere cultures to their expressions in hASCs from dish cultures (n = 3).The hASCs cultured wit,Selected Gene Expression Analysis by RT-PCR,97
170,172,GENE_PRODUCT_INTERACTS_WITH_GENE_PRODUCT,COOC,,We used RT-PCR to compare the expression of several genes involved with stemness and mesenchymal differentiation in hASCs from microgravity/microsphere cultures to their expressions in hASCs from dish cultures (n = 3).The hASCs cultured wit,Selected Gene Expression Analysis by RT-PCR,97
171,172,GENE_PRODUCT_INTERACTS_WITH_GENE_PRODUCT,COOC,,We used RT-PCR to compare the expression of several genes involved with stemness and mesenchymal differentiation in hASCs from microgravity/microsphere cultures to their expressions in hASCs from dish cultures (n = 3).The hASCs cultured wit,Selected Gene Expression Analysis by RT-PCR,97
175,176,GENE_PRODUCT_INTERACTS_WITH_GENE_PRODUCT,COOC,,"Based on lineage-specific differentiations, hASCs that were cultured on polystyrene and collagen microspheres displayed higher levels of adipogenic and osteogenic differentiation compared to hASCs cultured in polystyrene dishes (controls) u",Multilineage Differentiation Assay,104
177,178,GENE_PRODUCT_INTERACTS_WITH_GENE_PRODUCT,COOC,,"Based on lineage-specific differentiations, hASCs that were cultured on polystyrene and collagen microspheres displayed higher levels of adipogenic and osteogenic differentiation compared to hASCs cultured in polystyrene dishes (controls) u",Multilineage Differentiation Assay,105
191,192,GENE_PRODUCT_INTERACTS_WITH_GENE_PRODUCT,COOC,,"Furthermore, hASCs harvested from microgravity-microsphere cultures had higher expression levels of the pluripotent markers OCT4, SOX2, NANOG, MYC, KLF, and CD34 compared to hASCs cultured in monolayers.",Discussions,137
191,193,GENE_PRODUCT_INTERACTS_WITH_GENE_PRODUCT,COOC,,"Furthermore, hASCs harvested from microgravity-microsphere cultures had higher expression levels of the pluripotent markers OCT4, SOX2, NANOG, MYC, KLF, and CD34 compared to hASCs cultured in monolayers.",Discussions,137
191,194,GENE_PRODUCT_INTERACTS_WITH_GENE_PRODUCT,COOC,,"Furthermore, hASCs harvested from microgravity-microsphere cultures had higher expression levels of the pluripotent markers OCT4, SOX2, NANOG, MYC, KLF, and CD34 compared to hASCs cultured in monolayers.",Discussions,137
191,195,GENE_PRODUCT_INTERACTS_WITH_GENE_PRODUCT,COOC,,"Furthermore, hASCs harvested from microgravity-microsphere cultures had higher expression levels of the pluripotent markers OCT4, SOX2, NANOG, MYC, KLF, and CD34 compared to hASCs cultured in monolayers.",Discussions,137
191,196,GENE_PRODUCT_INTERACTS_WITH_GENE_PRODUCT,COOC,,"Furthermore, hASCs harvested from microgravity-microsphere cultures had higher expression levels of the pluripotent markers OCT4, SOX2, NANOG, MYC, KLF, and CD34 compared to hASCs cultured in monolayers.",Discussions,137
192,193,GENE_PRODUCT_INTERACTS_WITH_GENE_PRODUCT,COOC,,"Furthermore, hASCs harvested from microgravity-microsphere cultures had higher expression levels of the pluripotent markers OCT4, SOX2, NANOG, MYC, KLF, and CD34 compared to hASCs cultured in monolayers.",Discussions,137
192,194,GENE_PRODUCT_INTERACTS_WITH_GENE_PRODUCT,COOC,,"Furthermore, hASCs harvested from microgravity-microsphere cultures had higher expression levels of the pluripotent markers OCT4, SOX2, NANOG, MYC, KLF, and CD34 compared to hASCs cultured in monolayers.",Discussions,137
192,195,GENE_PRODUCT_INTERACTS_WITH_GENE_PRODUCT,COOC,,"Furthermore, hASCs harvested from microgravity-microsphere cultures had higher expression levels of the pluripotent markers OCT4, SOX2, NANOG, MYC, KLF, and CD34 compared to hASCs cultured in monolayers.",Discussions,137
192,196,GENE_PRODUCT_INTERACTS_WITH_GENE_PRODUCT,COOC,,"Furthermore, hASCs harvested from microgravity-microsphere cultures had higher expression levels of the pluripotent markers OCT4, SOX2, NANOG, MYC, KLF, and CD34 compared to hASCs cultured in monolayers.",Discussions,137
193,194,GENE_PRODUCT_INTERACTS_WITH_GENE_PRODUCT,COOC,,"Furthermore, hASCs harvested from microgravity-microsphere cultures had higher expression levels of the pluripotent markers OCT4, SOX2, NANOG, MYC, KLF, and CD34 compared to hASCs cultured in monolayers.",Discussions,137
193,195,GENE_PRODUCT_INTERACTS_WITH_GENE_PRODUCT,COOC,,"Furthermore, hASCs harvested from microgravity-microsphere cultures had higher expression levels of the pluripotent markers OCT4, SOX2, NANOG, MYC, KLF, and CD34 compared to hASCs cultured in monolayers.",Discussions,137
193,196,GENE_PRODUCT_INTERACTS_WITH_GENE_PRODUCT,COOC,,"Furthermore, hASCs harvested from microgravity-microsphere cultures had higher expression levels of the pluripotent markers OCT4, SOX2, NANOG, MYC, KLF, and CD34 compared to hASCs cultured in monolayers.",Discussions,137
194,195,GENE_PRODUCT_INTERACTS_WITH_GENE_PRODUCT,COOC,,"Furthermore, hASCs harvested from microgravity-microsphere cultures had higher expression levels of the pluripotent markers OCT4, SOX2, NANOG, MYC, KLF, and CD34 compared to hASCs cultured in monolayers.",Discussions,137
194,196,GENE_PRODUCT_INTERACTS_WITH_GENE_PRODUCT,COOC,,"Furthermore, hASCs harvested from microgravity-microsphere cultures had higher expression levels of the pluripotent markers OCT4, SOX2, NANOG, MYC, KLF, and CD34 compared to hASCs cultured in monolayers.",Discussions,137
195,196,GENE_PRODUCT_INTERACTS_WITH_GENE_PRODUCT,COOC,,"Furthermore, hASCs harvested from microgravity-microsphere cultures had higher expression levels of the pluripotent markers OCT4, SOX2, NANOG, MYC, KLF, and CD34 compared to hASCs cultured in monolayers.",Discussions,137
197,198,GENE_PRODUCT_INTERACTS_WITH_GENE_PRODUCT,COOC,,"OCT4 and NANOG are known to be involved in the self-renewal of human embryonic stem cells, while SOX2, MYC, and KLF expression act as transcription factors to control genes involved during embryonic development",Discussions,138
197,199,GENE_PRODUCT_INTERACTS_WITH_GENE_PRODUCT,COOC,,"OCT4 and NANOG are known to be involved in the self-renewal of human embryonic stem cells, while SOX2, MYC, and KLF expression act as transcription factors to control genes involved during embryonic development",Discussions,138
197,200,GENE_PRODUCT_INTERACTS_WITH_GENE_PRODUCT,COOC,,"OCT4 and NANOG are known to be involved in the self-renewal of human embryonic stem cells, while SOX2, MYC, and KLF expression act as transcription factors to control genes involved during embryonic development",Discussions,138
197,201,GENE_PRODUCT_INTERACTS_WITH_GENE_PRODUCT,COOC,,"OCT4 and NANOG are known to be involved in the self-renewal of human embryonic stem cells, while SOX2, MYC, and KLF expression act as transcription factors to control genes involved during embryonic development",Discussions,138
198,199,GENE_PRODUCT_INTERACTS_WITH_GENE_PRODUCT,COOC,,"OCT4 and NANOG are known to be involved in the self-renewal of human embryonic stem cells, while SOX2, MYC, and KLF expression act as transcription factors to control genes involved during embryonic development",Discussions,138
198,200,GENE_PRODUCT_INTERACTS_WITH_GENE_PRODUCT,COOC,,"OCT4 and NANOG are known to be involved in the self-renewal of human embryonic stem cells, while SOX2, MYC, and KLF expression act as transcription factors to control genes involved during embryonic development",Discussions,138
198,201,GENE_PRODUCT_INTERACTS_WITH_GENE_PRODUCT,COOC,,"OCT4 and NANOG are known to be involved in the self-renewal of human embryonic stem cells, while SOX2, MYC, and KLF expression act as transcription factors to control genes involved during embryonic development",Discussions,138
199,200,GENE_PRODUCT_INTERACTS_WITH_GENE_PRODUCT,COOC,,"OCT4 and NANOG are known to be involved in the self-renewal of human embryonic stem cells, while SOX2, MYC, and KLF expression act as transcription factors to control genes involved during embryonic development",Discussions,138
199,201,GENE_PRODUCT_INTERACTS_WITH_GENE_PRODUCT,COOC,,"OCT4 and NANOG are known to be involved in the self-renewal of human embryonic stem cells, while SOX2, MYC, and KLF expression act as transcription factors to control genes involved during embryonic development",Discussions,138
200,201,GENE_PRODUCT_INTERACTS_WITH_GENE_PRODUCT,COOC,,"OCT4 and NANOG are known to be involved in the self-renewal of human embryonic stem cells, while SOX2, MYC, and KLF expression act as transcription factors to control genes involved during embryonic development",Discussions,138
202,203,GENE_PRODUCT_INTERACTS_WITH_GENE_PRODUCT,COOC,,"Furthermore, hASCs harvested from microgravity-microsphere cultures had higher expression levels of the pluripotent markers OCT4, SOX2, NANOG, MYC, KLF, and CD34 compared to hASCs cultured in monolayers.",Discussions,145
202,204,GENE_PRODUCT_INTERACTS_WITH_GENE_PRODUCT,COOC,,"Furthermore, hASCs harvested from microgravity-microsphere cultures had higher expression levels of the pluripotent markers OCT4, SOX2, NANOG, MYC, KLF, and CD34 compared to hASCs cultured in monolayers.",Discussions,145
202,205,GENE_PRODUCT_INTERACTS_WITH_GENE_PRODUCT,COOC,,"Furthermore, hASCs harvested from microgravity-microsphere cultures had higher expression levels of the pluripotent markers OCT4, SOX2, NANOG, MYC, KLF, and CD34 compared to hASCs cultured in monolayers.",Discussions,145
202,206,GENE_PRODUCT_INTERACTS_WITH_GENE_PRODUCT,COOC,,"Furthermore, hASCs harvested from microgravity-microsphere cultures had higher expression levels of the pluripotent markers OCT4, SOX2, NANOG, MYC, KLF, and CD34 compared to hASCs cultured in monolayers.",Discussions,145
202,207,GENE_PRODUCT_INTERACTS_WITH_GENE_PRODUCT,COOC,,"Furthermore, hASCs harvested from microgravity-microsphere cultures had higher expression levels of the pluripotent markers OCT4, SOX2, NANOG, MYC, KLF, and CD34 compared to hASCs cultured in monolayers.",Discussions,145
203,204,GENE_PRODUCT_INTERACTS_WITH_GENE_PRODUCT,COOC,,"Furthermore, hASCs harvested from microgravity-microsphere cultures had higher expression levels of the pluripotent markers OCT4, SOX2, NANOG, MYC, KLF, and CD34 compared to hASCs cultured in monolayers.",Discussions,145
203,205,GENE_PRODUCT_INTERACTS_WITH_GENE_PRODUCT,COOC,,"Furthermore, hASCs harvested from microgravity-microsphere cultures had higher expression levels of the pluripotent markers OCT4, SOX2, NANOG, MYC, KLF, and CD34 compared to hASCs cultured in monolayers.",Discussions,145
203,206,GENE_PRODUCT_INTERACTS_WITH_GENE_PRODUCT,COOC,,"Furthermore, hASCs harvested from microgravity-microsphere cultures had higher expression levels of the pluripotent markers OCT4, SOX2, NANOG, MYC, KLF, and CD34 compared to hASCs cultured in monolayers.",Discussions,145
203,207,GENE_PRODUCT_INTERACTS_WITH_GENE_PRODUCT,COOC,,"Furthermore, hASCs harvested from microgravity-microsphere cultures had higher expression levels of the pluripotent markers OCT4, SOX2, NANOG, MYC, KLF, and CD34 compared to hASCs cultured in monolayers.",Discussions,145
204,205,GENE_PRODUCT_INTERACTS_WITH_GENE_PRODUCT,COOC,,"Furthermore, hASCs harvested from microgravity-microsphere cultures had higher expression levels of the pluripotent markers OCT4, SOX2, NANOG, MYC, KLF, and CD34 compared to hASCs cultured in monolayers.",Discussions,145
204,206,GENE_PRODUCT_INTERACTS_WITH_GENE_PRODUCT,COOC,,"Furthermore, hASCs harvested from microgravity-microsphere cultures had higher expression levels of the pluripotent markers OCT4, SOX2, NANOG, MYC, KLF, and CD34 compared to hASCs cultured in monolayers.",Discussions,145
204,207,GENE_PRODUCT_INTERACTS_WITH_GENE_PRODUCT,COOC,,"Furthermore, hASCs harvested from microgravity-microsphere cultures had higher expression levels of the pluripotent markers OCT4, SOX2, NANOG, MYC, KLF, and CD34 compared to hASCs cultured in monolayers.",Discussions,145
205,206,GENE_PRODUCT_INTERACTS_WITH_GENE_PRODUCT,COOC,,"Furthermore, hASCs harvested from microgravity-microsphere cultures had higher expression levels of the pluripotent markers OCT4, SOX2, NANOG, MYC, KLF, and CD34 compared to hASCs cultured in monolayers.",Discussions,145
205,207,GENE_PRODUCT_INTERACTS_WITH_GENE_PRODUCT,COOC,,"Furthermore, hASCs harvested from microgravity-microsphere cultures had higher expression levels of the pluripotent markers OCT4, SOX2, NANOG, MYC, KLF, and CD34 compared to hASCs cultured in monolayers.",Discussions,145
206,207,GENE_PRODUCT_INTERACTS_WITH_GENE_PRODUCT,COOC,,"Furthermore, hASCs harvested from microgravity-microsphere cultures had higher expression levels of the pluripotent markers OCT4, SOX2, NANOG, MYC, KLF, and CD34 compared to hASCs cultured in monolayers.",Discussions,145
208,209,GENE_PRODUCT_INTERACTS_WITH_GENE_PRODUCT,COOC,,"OCT4 and NANOG are known to be involved in the self-renewal of human embryonic stem cells, while SOX2, MYC, and KLF expression act as transcription factors to control genes involved during embryonic development",Discussions,146
208,210,GENE_PRODUCT_INTERACTS_WITH_GENE_PRODUCT,COOC,,"OCT4 and NANOG are known to be involved in the self-renewal of human embryonic stem cells, while SOX2, MYC, and KLF expression act as transcription factors to control genes involved during embryonic development",Discussions,146
208,211,GENE_PRODUCT_INTERACTS_WITH_GENE_PRODUCT,COOC,,"OCT4 and NANOG are known to be involved in the self-renewal of human embryonic stem cells, while SOX2, MYC, and KLF expression act as transcription factors to control genes involved during embryonic development",Discussions,146
208,212,GENE_PRODUCT_INTERACTS_WITH_GENE_PRODUCT,COOC,,"OCT4 and NANOG are known to be involved in the self-renewal of human embryonic stem cells, while SOX2, MYC, and KLF expression act as transcription factors to control genes involved during embryonic development",Discussions,146
209,210,GENE_PRODUCT_INTERACTS_WITH_GENE_PRODUCT,COOC,,"OCT4 and NANOG are known to be involved in the self-renewal of human embryonic stem cells, while SOX2, MYC, and KLF expression act as transcription factors to control genes involved during embryonic development",Discussions,146
209,211,GENE_PRODUCT_INTERACTS_WITH_GENE_PRODUCT,COOC,,"OCT4 and NANOG are known to be involved in the self-renewal of human embryonic stem cells, while SOX2, MYC, and KLF expression act as transcription factors to control genes involved during embryonic development",Discussions,146
209,212,GENE_PRODUCT_INTERACTS_WITH_GENE_PRODUCT,COOC,,"OCT4 and NANOG are known to be involved in the self-renewal of human embryonic stem cells, while SOX2, MYC, and KLF expression act as transcription factors to control genes involved during embryonic development",Discussions,146
210,211,GENE_PRODUCT_INTERACTS_WITH_GENE_PRODUCT,COOC,,"OCT4 and NANOG are known to be involved in the self-renewal of human embryonic stem cells, while SOX2, MYC, and KLF expression act as transcription factors to control genes involved during embryonic development",Discussions,146
210,212,GENE_PRODUCT_INTERACTS_WITH_GENE_PRODUCT,COOC,,"OCT4 and NANOG are known to be involved in the self-renewal of human embryonic stem cells, while SOX2, MYC, and KLF expression act as transcription factors to control genes involved during embryonic development",Discussions,146
211,212,GENE_PRODUCT_INTERACTS_WITH_GENE_PRODUCT,COOC,,"OCT4 and NANOG are known to be involved in the self-renewal of human embryonic stem cells, while SOX2, MYC, and KLF expression act as transcription factors to control genes involved during embryonic development",Discussions,146
PUB_PMC7998608,14,PUBLICATION_EVIDENCES_ENTITY,PUBLICATION_LINK,,,,
PUB_PMC7998608,20,PUBLICATION_EVIDENCES_ENTITY,PUBLICATION_LINK,,,,
PUB_PMC7998608,27,PUBLICATION_EVIDENCES_ENTITY,PUBLICATION_LINK,,,,
PUB_PMC7998608,31,PUBLICATION_EVIDENCES_ENTITY,PUBLICATION_LINK,,,,
PUB_PMC7998608,33,PUBLICATION_EVIDENCES_ENTITY,PUBLICATION_LINK,,,,
PUB_PMC7998608,39,PUBLICATION_EVIDENCES_ENTITY,PUBLICATION_LINK,,,,
PUB_PMC7998608,56,PUBLICATION_EVIDENCES_ENTITY,PUBLICATION_LINK,,,,
PUB_PMC7998608,62,PUBLICATION_EVIDENCES_ENTITY,PUBLICATION_LINK,,,,
PUB_PMC7998608,85,PUBLICATION_EVIDENCES_ENTITY,PUBLICATION_LINK,,,,
PUB_PMC7998608,96,PUBLICATION_EVIDENCES_ENTITY,PUBLICATION_LINK,,,,
PUB_PMC7998608,109,PUBLICATION_EVIDENCES_ENTITY,PUBLICATION_LINK,,,,
PUB_PMC7998608,140,PUBLICATION_EVIDENCES_ENTITY,PUBLICATION_LINK,,,,
PUB_PMC7998608,145,PUBLICATION_EVIDENCES_ENTITY,PUBLICATION_LINK,,,,
PUB_PMC7998608,186,PUBLICATION_EVIDENCES_ENTITY,PUBLICATION_LINK,,,,
PUB_PMC7998608,188,PUBLICATION_EVIDENCES_ENTITY,PUBLICATION_LINK,,,,
PUB_PMC7998608,189,PUBLICATION_EVIDENCES_ENTITY,PUBLICATION_LINK,,,,
PUB_PMC7998608,190,PUBLICATION_EVIDENCES_ENTITY,PUBLICATION_LINK,,,,
PUB_PMC7998608,213,PUBLICATION_EVIDENCES_ENTITY,PUBLICATION_LINK,,,,
PUB_PMC7998608,0,PUBLICATION_EVIDENCES_ENTITY,PUBLICATION_CONNECTIVITY,,,,
PUB_PMC7998608,1,PUBLICATION_EVIDENCES_ENTITY,PUBLICATION_CONNECTIVITY,,,,
PUB_PMC7998608,2,PUBLICATION_EVIDENCES_ENTITY,PUBLICATION_CONNECTIVITY,,,,
PUB_PMC7998608,3,PUBLICATION_EVIDENCES_ENTITY,PUBLICATION_CONNECTIVITY,,,,
PUB_PMC7998608,4,PUBLICATION_EVIDENCES_ENTITY,PUBLICATION_CONNECTIVITY,,,,
PUB_PMC7998608,5,PUBLICATION_EVIDENCES_ENTITY,PUBLICATION_CONNECTIVITY,,,,
PUB_PMC7998608,22,PUBLICATION_EVIDENCES_ENTITY,PUBLICATION_CONNECTIVITY,,,,
PUB_PMC7998608,23,PUBLICATION_EVIDENCES_ENTITY,PUBLICATION_CONNECTIVITY,,,,
PUB_PMC7998608,34,PUBLICATION_EVIDENCES_ENTITY,PUBLICATION_CONNECTIVITY,,,,
PUB_PMC7998608,36,PUBLICATION_EVIDENCES_ENTITY,PUBLICATION_CONNECTIVITY,,,,
PUB_PMC7998608,37,PUBLICATION_EVIDENCES_ENTITY,PUBLICATION_CONNECTIVITY,,,,
PUB_PMC7998608,38,PUBLICATION_EVIDENCES_ENTITY,PUBLICATION_CONNECTIVITY,,,,
PUB_PMC7998608,41,PUBLICATION_EVIDENCES_ENTITY,PUBLICATION_CONNECTIVITY,,,,
PUB_PMC7998608,43,PUBLICATION_EVIDENCES_ENTITY,PUBLICATION_CONNECTIVITY,,,,
PUB_PMC7998608,49,PUBLICATION_EVIDENCES_ENTITY,PUBLICATION_CONNECTIVITY,,,,
PUB_PMC7998608,50,PUBLICATION_EVIDENCES_ENTITY,PUBLICATION_CONNECTIVITY,,,,
PUB_PMC7998608,52,PUBLICATION_EVIDENCES_ENTITY,PUBLICATION_CONNECTIVITY,,,,
PUB_PMC7998608,54,PUBLICATION_EVIDENCES_ENTITY,PUBLICATION_CONNECTIVITY,,,,
PUB_PMC7998608,57,PUBLICATION_EVIDENCES_ENTITY,PUBLICATION_CONNECTIVITY,,,,
PUB_PMC7998608,58,PUBLICATION_EVIDENCES_ENTITY,PUBLICATION_CONNECTIVITY,,,,
PUB_PMC7998608,59,PUBLICATION_EVIDENCES_ENTITY,PUBLICATION_CONNECTIVITY,,,,
PUB_PMC7998608,60,PUBLICATION_EVIDENCES_ENTITY,PUBLICATION_CONNECTIVITY,,,,
PUB_PMC7998608,63,PUBLICATION_EVIDENCES_ENTITY,PUBLICATION_CONNECTIVITY,,,,
PUB_PMC7998608,65,PUBLICATION_EVIDENCES_ENTITY,PUBLICATION_CONNECTIVITY,,,,
PUB_PMC7998608,66,PUBLICATION_EVIDENCES_ENTITY,PUBLICATION_CONNECTIVITY,,,,
PUB_PMC7998608,67,PUBLICATION_EVIDENCES_ENTITY,PUBLICATION_CONNECTIVITY,,,,
PUB_PMC7998608,79,PUBLICATION_EVIDENCES_ENTITY,PUBLICATION_CONNECTIVITY,,,,
PUB_PMC7998608,80,PUBLICATION_EVIDENCES_ENTITY,PUBLICATION_CONNECTIVITY,,,,
PUB_PMC7998608,81,PUBLICATION_EVIDENCES_ENTITY,PUBLICATION_CONNECTIVITY,,,,
PUB_PMC7998608,82,PUBLICATION_EVIDENCES_ENTITY,PUBLICATION_CONNECTIVITY,,,,
PUB_PMC7998608,83,PUBLICATION_EVIDENCES_ENTITY,PUBLICATION_CONNECTIVITY,,,,
PUB_PMC7998608,84,PUBLICATION_EVIDENCES_ENTITY,PUBLICATION_CONNECTIVITY,,,,
PUB_PMC7998608,86,PUBLICATION_EVIDENCES_ENTITY,PUBLICATION_CONNECTIVITY,,,,
PUB_PMC7998608,89,PUBLICATION_EVIDENCES_ENTITY,PUBLICATION_CONNECTIVITY,,,,
PUB_PMC7998608,90,PUBLICATION_EVIDENCES_ENTITY,PUBLICATION_CONNECTIVITY,,,,
PUB_PMC7998608,91,PUBLICATION_EVIDENCES_ENTITY,PUBLICATION_CONNECTIVITY,,,,
PUB_PMC7998608,92,PUBLICATION_EVIDENCES_ENTITY,PUBLICATION_CONNECTIVITY,,,,
PUB_PMC7998608,93,PUBLICATION_EVIDENCES_ENTITY,PUBLICATION_CONNECTIVITY,,,,
PUB_PMC7998608,98,PUBLICATION_EVIDENCES_ENTITY,PUBLICATION_CONNECTIVITY,,,,
PUB_PMC7998608,99,PUBLICATION_EVIDENCES_ENTITY,PUBLICATION_CONNECTIVITY,,,,
PUB_PMC7998608,100,PUBLICATION_EVIDENCES_ENTITY,PUBLICATION_CONNECTIVITY,,,,
PUB_PMC7998608,101,PUBLICATION_EVIDENCES_ENTITY,PUBLICATION_CONNECTIVITY,,,,
PUB_PMC7998608,102,PUBLICATION_EVIDENCES_ENTITY,PUBLICATION_CONNECTIVITY,,,,
PUB_PMC7998608,105,PUBLICATION_EVIDENCES_ENTITY,PUBLICATION_CONNECTIVITY,,,,
PUB_PMC7998608,106,PUBLICATION_EVIDENCES_ENTITY,PUBLICATION_CONNECTIVITY,,,,
PUB_PMC7998608,107,PUBLICATION_EVIDENCES_ENTITY,PUBLICATION_CONNECTIVITY,,,,
PUB_PMC7998608,108,PUBLICATION_EVIDENCES_ENTITY,PUBLICATION_CONNECTIVITY,,,,
PUB_PMC7998608,110,PUBLICATION_EVIDENCES_ENTITY,PUBLICATION_CONNECTIVITY,,,,
PUB_PMC7998608,112,PUBLICATION_EVIDENCES_ENTITY,PUBLICATION_CONNECTIVITY,,,,
PUB_PMC7998608,113,PUBLICATION_EVIDENCES_ENTITY,PUBLICATION_CONNECTIVITY,,,,
PUB_PMC7998608,115,PUBLICATION_EVIDENCES_ENTITY,PUBLICATION_CONNECTIVITY,,,,
PUB_PMC7998608,118,PUBLICATION_EVIDENCES_ENTITY,PUBLICATION_CONNECTIVITY,,,,
PUB_PMC7998608,120,PUBLICATION_EVIDENCES_ENTITY,PUBLICATION_CONNECTIVITY,,,,
PUB_PMC7998608,121,PUBLICATION_EVIDENCES_ENTITY,PUBLICATION_CONNECTIVITY,,,,
PUB_PMC7998608,126,PUBLICATION_EVIDENCES_ENTITY,PUBLICATION_CONNECTIVITY,,,,
PUB_PMC7998608,127,PUBLICATION_EVIDENCES_ENTITY,PUBLICATION_CONNECTIVITY,,,,
PUB_PMC7998608,129,PUBLICATION_EVIDENCES_ENTITY,PUBLICATION_CONNECTIVITY,,,,
PUB_PMC7998608,133,PUBLICATION_EVIDENCES_ENTITY,PUBLICATION_CONNECTIVITY,,,,
PUB_PMC7998608,134,PUBLICATION_EVIDENCES_ENTITY,PUBLICATION_CONNECTIVITY,,,,
PUB_PMC7998608,136,PUBLICATION_EVIDENCES_ENTITY,PUBLICATION_CONNECTIVITY,,,,
PUB_PMC7998608,137,PUBLICATION_EVIDENCES_ENTITY,PUBLICATION_CONNECTIVITY,,,,
PUB_PMC7998608,138,PUBLICATION_EVIDENCES_ENTITY,PUBLICATION_CONNECTIVITY,,,,
PUB_PMC7998608,139,PUBLICATION_EVIDENCES_ENTITY,PUBLICATION_CONNECTIVITY,,,,
PUB_PMC7998608,141,PUBLICATION_EVIDENCES_ENTITY,PUBLICATION_CONNECTIVITY,,,,
PUB_PMC7998608,142,PUBLICATION_EVIDENCES_ENTITY,PUBLICATION_CONNECTIVITY,,,,
PUB_PMC7998608,144,PUBLICATION_EVIDENCES_ENTITY,PUBLICATION_CONNECTIVITY,,,,
PUB_PMC7998608,151,PUBLICATION_EVIDENCES_ENTITY,PUBLICATION_CONNECTIVITY,,,,
PUB_PMC7998608,152,PUBLICATION_EVIDENCES_ENTITY,PUBLICATION_CONNECTIVITY,,,,
PUB_PMC7998608,153,PUBLICATION_EVIDENCES_ENTITY,PUBLICATION_CONNECTIVITY,,,,
PUB_PMC7998608,154,PUBLICATION_EVIDENCES_ENTITY,PUBLICATION_CONNECTIVITY,,,,
PUB_PMC7998608,155,PUBLICATION_EVIDENCES_ENTITY,PUBLICATION_CONNECTIVITY,,,,
PUB_PMC7998608,156,PUBLICATION_EVIDENCES_ENTITY,PUBLICATION_CONNECTIVITY,,,,
PUB_PMC7998608,157,PUBLICATION_EVIDENCES_ENTITY,PUBLICATION_CONNECTIVITY,,,,
PUB_PMC7998608,158,PUBLICATION_EVIDENCES_ENTITY,PUBLICATION_CONNECTIVITY,,,,
PUB_PMC7998608,159,PUBLICATION_EVIDENCES_ENTITY,PUBLICATION_CONNECTIVITY,,,,
PUB_PMC7998608,160,PUBLICATION_EVIDENCES_ENTITY,PUBLICATION_CONNECTIVITY,,,,
PUB_PMC7998608,161,PUBLICATION_EVIDENCES_ENTITY,PUBLICATION_CONNECTIVITY,,,,
PUB_PMC7998608,162,PUBLICATION_EVIDENCES_ENTITY,PUBLICATION_CONNECTIVITY,,,,
PUB_PMC7998608,163,PUBLICATION_EVIDENCES_ENTITY,PUBLICATION_CONNECTIVITY,,,,
PUB_PMC7998608,164,PUBLICATION_EVIDENCES_ENTITY,PUBLICATION_CONNECTIVITY,,,,
PUB_PMC7998608,165,PUBLICATION_EVIDENCES_ENTITY,PUBLICATION_CONNECTIVITY,,,,
PUB_PMC7998608,166,PUBLICATION_EVIDENCES_ENTITY,PUBLICATION_CONNECTIVITY,,,,
PUB_PMC7998608,167,PUBLICATION_EVIDENCES_ENTITY,PUBLICATION_CONNECTIVITY,,,,
PUB_PMC7998608,168,PUBLICATION_EVIDENCES_ENTITY,PUBLICATION_CONNECTIVITY,,,,
PUB_PMC7998608,169,PUBLICATION_EVIDENCES_ENTITY,PUBLICATION_CONNECTIVITY,,,,
PUB_PMC7998608,170,PUBLICATION_EVIDENCES_ENTITY,PUBLICATION_CONNECTIVITY,,,,
PUB_PMC7998608,171,PUBLICATION_EVIDENCES_ENTITY,PUBLICATION_CONNECTIVITY,,,,
PUB_PMC7998608,172,PUBLICATION_EVIDENCES_ENTITY,PUBLICATION_CONNECTIVITY,,,,
PUB_PMC7998608,175,PUBLICATION_EVIDENCES_ENTITY,PUBLICATION_CONNECTIVITY,,,,
PUB_PMC7998608,176,PUBLICATION_EVIDENCES_ENTITY,PUBLICATION_CONNECTIVITY,,,,
PUB_PMC7998608,177,PUBLICATION_EVIDENCES_ENTITY,PUBLICATION_CONNECTIVITY,,,,
PUB_PMC7998608,178,PUBLICATION_EVIDENCES_ENTITY,PUBLICATION_CONNECTIVITY,,,,
PUB_PMC7998608,191,PUBLICATION_EVIDENCES_ENTITY,PUBLICATION_CONNECTIVITY,,,,
PUB_PMC7998608,192,PUBLICATION_EVIDENCES_ENTITY,PUBLICATION_CONNECTIVITY,,,,
PUB_PMC7998608,193,PUBLICATION_EVIDENCES_ENTITY,PUBLICATION_CONNECTIVITY,,,,
PUB_PMC7998608,194,PUBLICATION_EVIDENCES_ENTITY,PUBLICATION_CONNECTIVITY,,,,
PUB_PMC7998608,195,PUBLICATION_EVIDENCES_ENTITY,PUBLICATION_CONNECTIVITY,,,,
PUB_PMC7998608,196,PUBLICATION_EVIDENCES_ENTITY,PUBLICATION_CONNECTIVITY,,,,
PUB_PMC7998608,197,PUBLICATION_EVIDENCES_ENTITY,PUBLICATION_CONNECTIVITY,,,,
PUB_PMC7998608,198,PUBLICATION_EVIDENCES_ENTITY,PUBLICATION_CONNECTIVITY,,,,
PUB_PMC7998608,199,PUBLICATION_EVIDENCES_ENTITY,PUBLICATION_CONNECTIVITY,,,,
PUB_PMC7998608,200,PUBLICATION_EVIDENCES_ENTITY,PUBLICATION_CONNECTIVITY,,,,
PUB_PMC7998608,201,PUBLICATION_EVIDENCES_ENTITY,PUBLICATION_CONNECTIVITY,,,,
PUB_PMC7998608,202,PUBLICATION_EVIDENCES_ENTITY,PUBLICATION_CONNECTIVITY,,,,
PUB_PMC7998608,203,PUBLICATION_EVIDENCES_ENTITY,PUBLICATION_CONNECTIVITY,,,,
PUB_PMC7998608,204,PUBLICATION_EVIDENCES_ENTITY,PUBLICATION_CONNECTIVITY,,,,
PUB_PMC7998608,205,PUBLICATION_EVIDENCES_ENTITY,PUBLICATION_CONNECTIVITY,,,,
PUB_PMC7998608,206,PUBLICATION_EVIDENCES_ENTITY,PUBLICATION_CONNECTIVITY,,,,
PUB_PMC7998608,207,PUBLICATION_EVIDENCES_ENTITY,PUBLICATION_CONNECTIVITY,,,,
PUB_PMC7998608,208,PUBLICATION_EVIDENCES_ENTITY,PUBLICATION_CONNECTIVITY,,,,
PUB_PMC7998608,209,PUBLICATION_EVIDENCES_ENTITY,PUBLICATION_CONNECTIVITY,,,,
PUB_PMC7998608,210,PUBLICATION_EVIDENCES_ENTITY,PUBLICATION_CONNECTIVITY,,,,
PUB_PMC7998608,211,PUBLICATION_EVIDENCES_ENTITY,PUBLICATION_CONNECTIVITY,,,,
PUB_PMC7998608,212,PUBLICATION_EVIDENCES_ENTITY,PUBLICATION_CONNECTIVITY,,,,
